4,5,0,4,1,3
3
",인,천,광,역,시, ,남,동,구, ,논,현,동, ,6,7,8,-,2, ,제,일,타,워
1,층,1,0,3,호,"
콜,다,방
다,방
1,7,6,5,9,8,.,0,8,4,1
4,3,3,1,2,9,.,5,4,0,1
12960,1,서울특별시 마포구 대흥동 111-1번지,스타벅스커피 서강대흥역,커피숍,194765.5276,449557.9208
12984,1,서울특별시 마포구 아현동 618-19번지 마포 센텀 슬로우스퀘어,스타벅스마포경찰서후문,커피숍,195829.9552,449860.5754
12985,1,서울특별시 마포구 공덕동 254-8번지 동방빌딩,스타벅스공덕,커피숍,195775.0185,449299.5214
13012,1,서울특별시 마포구 동교동 166-1번지 지하1~지상2층,스타벅스 홍대공항철도역점,커피숍,193316.9003,450586.8651
13038,1,서울특별시 마포구 서교동 490번지 메세나폴리스,스타벅스 합정폴리스R,커피숍,192311.6426,449855.6439
13419,1,서울특별시 강남구 논현동 142-2번지 JS타워 지상1층,스타벅스 논현역사거리점,커피숍,201908.7511,445336.4638
13421,1,서울특별시 강남구 대치동 944-31번지 한국섬유산업연합회 지상1층,스타벅스 삼성역섬유센터R점,커피숍,205291.4867,445028.2094
14381,1,서울특별시 영등포구 영등포동1가 143-3번지 영등포 J&S,스타벅스영등포역점,커피숍,191908.1188,446086.8191
17300,1,서울특별시 강동구 암사동 441-12번지,스타벅스 강동암사DT,커피숍,211419.2273,450316.3871
17577,1,서울특별시 강남구 대치동 599번지 대원빌딩,스타벅스 스탈릿 대치R,커피숍,205464.7204,443592.9735
17793,1,서울특별시 종로구 수송동 110번지 연합뉴스빌딩,스타벅스 연합뉴스점,커피숍,198207,452455.8332
27101,1,서울특별시 중구 남대문로5가 84-11번지 1층,스타벅스 연세세브란스점,커피숍,197612.9951,450539.8577
27646,1,서울특별시 노원구 월계동 333-1번지 월계트레이더스,스타벅스 월계트레이더스점,커피숍,205391.0704,458333.9892
28690,1,서울특별시 노원구 상계동 372-16번지 1~2층,스타벅스상계초교사거리점,커피숍,205793.6276,461589.2557
29955,1,서울특별시 강남구 역삼동 721-13번지 아레나빌딩,스타벅스 역삼아레나빌딩점,커피숍,203723.0958,444322.7362
30366,1,서울특별시 중구 남대문로4가 45번지 대한서울상공회의소,스타벅스 대한상공회의소R점,커피숍,197620.6489,450919.8743
33049,1,서울특별시 도봉구 창동 135-26번지 창동EMART,스타벅스 창동이마트점,커피숍,204107.0903,461072.6424
33570,1,서울특별시 강동구 성내동 550번지,스타벅스 강동구청DT점,커피숍,210872.7504,447441.9151
34161,1,서울특별시 영등포구 여의도동 55-2번지 101~104호,스타벅스샛강역점,커피숍,193851.7999,446223.4985
39993,1,서울특별시 중구 광희동1가 185-1번지 지하1층~지상2층,스타벅스 동대문공원점,커피숍,200567.8932,451437.3288
40024,1,서울특별시 은평구 진관동 100-6번지 메이플카운티2차 113~116호,스타벅스커피 구파발역점,커피숍,192902.5587,459002.3866
40080,1,서울특별시 중구 을지로2가 6번지 내외빌딩 1층,스타벅스 을지로내외빌딩R점,커피숍,198477.5172,451579.6342
40086,1,서울특별시 은평구 응암동 96-1번지 1층,스타벅스커피 은평구청입구점,커피숍,193475.5671,455434.5453
40206,1,서울특별시 중구 소공동 70번지 조선호텔 1층,스타벅스 소공로점,커피숍,198232.0039,451276.3073
40207,1,서울특별시 중구 충무로1가 25-52번지 1층~5층,스타벅스 명동역,커피숍,198437.6434,450953.928
40225,1,서울특별시 서초구 양재동 14-4번지 1층,스타벅스커피 양재역점,커피숍,203189.7761,442243.6914
40227,1,서울특별시 서대문구 연희동 188-2번지 1층,스타벅스 연희동점,커피숍,193795.6214,451616.2968
40228,1,서울특별시 중구 서소문동 57-9번지 (1층),스타벅스 서소문배재,커피숍,197470.5355,451184.5912
40264,1,서울특별시 성북구 안암동5가 104-30번지,스타벅스고대점,커피숍,202556.2755,453517.967
40312,1,서울특별시 양천구 신정동 900-10번지 지상1층,스타벅스목동역점,커피숍,187891.3789,447174.3792
40368,1,서울특별시 서초구 방배동 444-7번지 1층~4층,스타벅스커피 사당로데오점,커피숍,198353.8211,441680.7758
40384,1,서울특별시 중구 충무로1가 52-5번지 5층,스타벅스 신세계본점 5F,커피숍,198263.9084,450960.763
40453,1,서울특별시 서초구 반포동 118-3번지 외7필지 4층 BP4-9호,스타벅스 파미에파크R점,커피숍,200514.003,444644.7712
40504,1,서울특별시 서대문구 북아현동 149번지 e편한세상신촌 1층 상가동 107호,스타벅스 아현역점,커피숍,195993.9946,450618.5921
40585,1,서울특별시 중구 장충동1가 62-35번지 1층,스타벅스 동대입구역점,커피숍,200478.4265,450822.6102
40696,1,서울특별시 양천구 목동 908-34번지 부영그린타운 3차 1동 116호,스타벅스커피목동5단지점,커피숍,189519.8625,448282.2561
40712,1,서울특별시 서대문구 연희동 87-7번지 외 1필지(87-8) 1~2층 전체,스타벅스커피연희DT점,커피숍,194096.2291,451998.6006
40736,1,서울특별시 서대문구 신촌동 134번지 백양로재창조컴플렉스 지하2층,스타벅스커피 연세백양로점,커피숍,194584.9592,451381.5855
40756,1,서울특별시 성동구 행당동 168-200번지 왕십리민자역사(enter-6) 지하1층,스타벅스엔터식스점,커피숍,203292.1519,451267.7309
40769,1,서울특별시 중구 을지로2가 198번지 OPUS11빌딩 1층,스타벅스 을지로한국빌딩,커피숍,198459.6563,451484.997
40795,1,서울특별시 서초구 서초동 1464-22번지 1층,스타벅스커피 서울아트센터점,커피숍,201023.3781,442054.4252
40865,1,서울특별시 서초구 반포동 19-3번지 센트럴시티 106호,STARBUCKS COFFEE(스타벅스커피 센트럴시티점),커피숍,200250.4478,444683.2205
40879,1,서울특별시 서초구 서초동 1303-16번지 B102~B105호,스타벅스커피 강남에비뉴,커피숍,202044.6291,444504.1128
40885,1,서울특별시 중구 서소문동 75번지 지하1층,스타벅스 서소문로점,커피숍,197693,451195
40888,1,서울특별시 성동구 하왕십리동 1070-3번지,스타벅스 상왕십리역점,커피숍,202407.0875,451424.1977
40890,1,서울특별시 중구 회현동2가 88번지 스테이트 남산 지하1층 B107호,스타벅스 남산스테이트,커피숍,198420.987,450877.8749
40938,1,서울특별시 서대문구 충정로3가 470번지,스타벅스 충정로역점,커피숍,196662.3352,450999.9
40959,1,서울특별시 중구 순화동 1-170번지 에이스타워 1층,스타벅스 순화동에이스점,커피숍,197214.2058,451259.6719
41067,1,서울특별시 중구 을지로1가 50번지 삼성화재 삼성빌딩 1층,스타벅스 시청 플러스,커피숍,198160.4203,451559.1843
41068,1,서울특별시 중구 을지로1가 50번지 삼성화재 삼성빌딩 1층,스타벅스 서울시청점,커피숍,198160.4203,451559.1843
41170,1,서울특별시 용산구 동자동 45번지 KDB생명타워 지하1층 117호,스타벅스커피 서울역동자동점,커피숍,197563.0698,449934.1578
41182,1,서울특별시 중구 충무로1가 21-1번지 1층.2층,스타벅스 서울중앙우체국점,커피숍,198346.5368,451039.715
41373,1,서울특별시 중구 명동2가 2-8번지 3층,스타벅스 명동중앙로,커피숍,198671.6278,451253.6425
41419,1,서울특별시 성북구 동선동1가 92-1번지,스타벅스 성신여대점,커피숍,201557.0137,454536.0132
41446,1,서울특별시 용산구 한남동 36-7번지,스타벅스한남동R점,커피숍,200896.2084,448060.5027
41570,1,서울특별시 중구 다동 111번지 1층,스타벅스 을지로국제빌딩점,커피숍,198365.141,451631.1876
41701,1,서울특별시 중구 을지로2가 88-5번지 1층,스타벅스 을지로2가점,커피숍,198869,451583
41749,1,서울특별시 중구 흥인동 132번지,스타벅스 신당역점,커피숍,201198.0189,451459.4911
41819,1,서울특별시 은평구 진관동 65번지 101동 105호~108호,스타벅스 구파발사거리,커피숍,192976.6252,460038.6713
41831,1,서울특별시 서초구 서초동 1327-29번지 서초파라곤 106호,스타벅스커피 서초파라곤점,커피숍,202355.1981,443637.8891
42078,1,서울특별시 용산구 갈월동 90-8,스타벅스남영동,커피숍,197477.9826,448957.2477
42085,1,서울특별시 용산구 용산동2가 산 1-3번지 1층,스타벅스서울타워점,커피숍,198994.0019,449630.9532
42087,1,서울특별시 서초구 서초동 1439-14번지 1층,스타벅스커피 서초동점,커피숍,201837.5694,442638.7807
42116,1,서울특별시 중구 삼각동 115번지 1층,스타벅스 을지로경기빌딩,커피숍,198448.8484,451658.3045
42150,1,서울특별시 성북구 길음동 20-1 현대백화점지하1층,스타벅스현대미아점,커피숍,202466.8011,456227.5717
42215,1,서울특별시 서대문구 충정로3가 464번지 (101호) 지상1층,스타벅스충정타워,커피숍,196752.764,450838.5976
42288,1,서울특별시 중구 을지로2가 199-33번지 1층,스타벅스 명동메트로,커피숍,198492.8019,451427.349
42345,1,서울특별시 양천구 신정동 981-15번지 지상1~2층,스타벅스신정DT점,커피숍,187455.9465,446655.868
42424,1,서울특별시 중구 을지로2가 204번지 삼화타워 1층 101호,스타벅스 을지로삼화타워,커피숍,198591.4875,451623.0202
42531,1,서울특별시 중구 태평로1가 25번지 1층,스타벅스 한국프레스센터점,커피숍,197964.0955,451694.0357
42596,1,서울특별시 서초구 서초동 1699-3 1층,스타벅스커피 교대법원점,커피숍,201114.6618,443800.338
42612,1,서울특별시 중구 남대문로5가 526번지 대우재단빌딩 1층1-1 ~ 2층 2-1A,스타벅스 대우재단빌딩점,커피숍,197738.779,450468.9431
42723,1,서울특별시 양천구 신정동 319-23번지 토피아빌딩 지상1층,스타벅스목동8단지점,커피숍,188335.8559,446489.6747
42873,1,서울특별시 성북구 성북동1가 35-1번지 101호,스타벅스 한성대입구역점,커피숍,200362.9989,454081.3418
42904,1,서울특별시 중구 명동2가 2-16번지 1.2.3층,스타벅스 명동 중앙로,커피숍,198674.6736,451271.2187
43042,1,서울특별시 서초구 서초동 1317-23 GT타워동관 (1층?),스타벅스커피 강남GT타워점,커피숍,202247.7061,443957.177
43099,1,서울특별시 성동구 성수동2가 333-16번지 이마트매장 (지상2층),스타벅스 성수이마트점,커피숍,204614.2727,448607.4413
43242,1,서울특별시 서초구 반포동 748-1 1층,스타벅스커피 신논현역점,커피숍,202020.5407,444789.8017
43245,1,서울특별시 중구 충무로1가 54번지 신세계백화점6F,스타벅스 신세계본점6F,커피숍,198253.896,450905.2845
43256,1,서울특별시 중구 저동2가 24-1번지,스타벅스 중구저동점,커피숍,199078.3726,451354.5064
43295,1,서울특별시 중구 필동2가 10번지 (충무빌딩 1층),스타벅스 충무로역점,커피숍,199393.7481,451020.3172
43337,1,서울특별시 관악구 봉천동 856-6번지 BS타워,스타벅스 관악서울대입구R점,커피숍,195749.8078,441904.518
43746,1,서울특별시 서대문구 남가좌동 385번지 DMC파크뷰자이,스타벅스 가재울뉴타운점,커피숍,192672.0675,452221.9607
45446,1,서울특별시 중구 을지로6가 18-12번지 2층 41호,스타벅스 동대문두타점,커피숍,200703.6256,451836.4583
46302,1,서울특별시 동작구 사당동 252-15 국민은행남성지점,스타벅스 남성역점,커피숍,197513.7186,442441.9497
46775,1,서울특별시 성북구 길음동 25-2 신세계 이마트 미아점 1~2층,스타벅스 미아이마트점,커피숍,202555.3009,456503.0662
48730,1,서울특별시 관악구 봉천동 1660-1번지,스타벅스 낙성대역점,커피숍,196499.3118,441722.928
48821,1,서울특별시 강남구 역삼동 648-22번지 D.A디에이성형외과,스타벅스 국기원사거리점,커피숍,202731.24,444156.6
50935,1,서울특별시 종로구 당주동 128-27번지 동원빌딩 1층,스타벅스 경희궁로점,커피숍,197484.9839,452162.3045
59532,1,서울특별시 용산구 한강로2가 342번지 1층 용산래미안상가 103호,스타벅스신용산역점,커피숍,196961.5918,447392.5912
59669,1,서울특별시 중구 남대문로5가 120-0번지 지상1층,스타벅스 남산단암점,커피숍,197761.3527,450694.3175
59989,1,서울특별시 성동구 도선동 58-1번지,스타벅스 왕십리역점,커피숍,202932.382,451169.5243
60072,1,서울특별시 용산구 갈월동 69-5 (지상1~3층),스타벅스숙대입구역점,커피숍,197451.0447,449107.8815
60346,1,서울특별시 서대문구 신촌동 134번지 신종합관 (지하2층),스타벅스 연세종합관점,커피숍,194584.9592,451381.5855
60727,1,서울특별시 서대문구 충정로2가 191번지 유원골드타워1층,스타벅스 경기대점,커피숍,196801.6616,451267.8097
60875,1,서울특별시 양천구 목동 404-13번지 목동센트럴푸르지오 101동 상가201호,스타벅스 오목교역점,커피숍,189031.8299,446838.0867
61023,1,서울특별시 성동구 하왕십리동 700번지,스타벅스 황학사거리점,커피숍,202310.0242,451594.7072
61051,1,서울특별시 송파구 문정동 651번지,스타벅스 문정역점,커피숍,210749,442560
61150,1,서울특별시 서초구 방배동 812-2 1층,스타벅스커피 방배점,커피숍,199099.266,443309.2397
61326,1,서울특별시 양천구 목동 923번지 세신비젼프라자 107호,스타벅스커피 목동7단지점,커피숍,188494.599,447318.6605
61351,1,서울특별시 서초구 잠원동 58-24번지 신반포11차상가 지하1층,스타벅스 반포역점,커피숍,201104.269,445266.6786
61417,1,서울특별시 성북구 동소문동2가 11번지,스타벅스삼선교점,커피숍,200571.6309,454038.3821
61567,1,서울특별시 성북구 종암동 3-686번지,스타벅스종암점,커피숍,202932.3846,455431.2683
61595,1,서울특별시 성북구 하월곡동 46-73 코업스타클래스 101-1,스타벅스 월곡역점,커피숍,203502.0041,455500.569
61708,1,서울특별시 성동구 성수동1가 14-33번지 정명빌딩 1층,스타벅스 뚝섬역점,커피숍,204270.5772,449354.5236
61709,1,서울특별시 성동구 성수동1가 14-33번지 정명빌딩 2층,스타벅스 뚝섬역점,커피숍,204270.5772,449354.5236
61710,1,서울특별시 성동구 성수동1가 14-33번지 정명빌딩 3층,스타벅스 뚝섬역점,커피숍,204270.5772,449354.5236
61738,1,서울특별시 서초구 서초동 1457-1번지 1층,스타벅스 남부터미널2점,커피숍,201188.4012,442464.4743
61761,1,서울특별시 서대문구 창천동 72-12번지 1~2층(일부) 케이스퀘어신촌,스타벅스 신촌역점,커피숍,194170.4082,450453.3605
61796,1,서울특별시 서대문구 대현동 11-1번지 이화여자대학교 이화캠퍼스복합단지(지하4층),스타벅스이대이씨씨(ECC)점,커피숍,195287.7664,451143.7893
61880,1,서울특별시 서대문구 창천동 13-19번지 준하빌딩 1층~5층,스타벅스 신촌명물거리점,커피숍,194463.7933,450617.148
61890,1,서울특별시 성동구 성수동2가 317-20번지 1층,스타벅스 성수역점,커피숍,204962.6586,448995.7614
61939,1,서울특별시 성북구 종암동 29-10번지,스타벅스 종암DT점,커피숍,203117.2825,454401.3604
61958,1,서울특별시 서초구 서초동 1327-5번지 1-2층,스타벅스강남삼성타운점,커피숍,202386.3251,443701.681
61959,1,서울특별시 영등포구 여의도동 36번지 롯데캐슬 앰파이어 1층 104호,스타벅스 롯데캐슬 여의도점,커피숍,193421.6283,446448.1576
62025,1,서울특별시 성북구 안암동5가 92번지,스타벅스 안암역점,커피숍,202644.6523,453759.8867
62043,1,서울특별시 성북구 하월곡동 89-7번지,스타벅스 미아점,커피숍,202521.2098,456141.6308
62143,1,서울특별시 서초구 방배동 908-10번지 유성빌딩 지상1층,스타벅스방배역점,커피숍,199722.1617,442202.6141
62163,1,서울특별시 서초구 서초동 1307-19번지 1-2층,스타벅스강남II점,커피숍,202178.3606,444206.9649
62215,1,서울특별시 서초구 서초동 1657-5번지 1층,스타벅스 교대점,커피숍,201188.2459,443351.1208
62381,1,서울특별시 서초구 서초동 1542-14번지 1층,스타벅스 서초역점,커피숍,200692.6101,443164.7088
62382,1,서울특별시 서초구 양재동 4-3번지 1층,스타벅스영동2교점,커피숍,203697.9224,442204.6013
62596,1,서울특별시 서대문구 대신동 115번지 연세재단Y빌딩 지하1층(실제층 1층),스타벅스 연대동문,커피숍,195188.2422,451572.5632
62623,1,서울특별시 서초구 서초동 1445-4번지 101호,스타벅스남부터미널점,커피숍,201430.9,442500.6304
62733,1,서울특별시 서초구 반포동 92-1번지 1층,스타벅스 서래마을입구점,커피숍,199798.1944,444116.1676
62818,1,서울특별시 송파구 잠실동 40-0번지 갤러리아팰리스 1층107호,스타벅스(갤러리아팰리스점),커피숍,208233.927,445435.2576
62885,1,서울특별시 중구 소공동 87-1번지 외3필지(지상1층),스타벅스 환구단점,커피숍,198172.1511,451350.9692
62898,1,서울특별시 중구 순화동 151번지 포스코더샾 A동 102호(지상1층),스타벅스순화동더샾점,커피숍,197462.1988,450878.2118
62965,1,서울특별시 용산구 한강로3가 40-999번지,스타벅스용산아이파크몰점,커피숍,196762.0774,447480.0396
63067,1,서울특별시 서대문구 창천동 33-9번지 외 1필지(33-10) 가호 2~4층,스타벅스연대점,커피숍,194336.735,450721.6391
63185,1,서울특별시 중구 황학동 2545번지 롯데캐슬베네치아,스타벅스 황학캐슬점,커피숍,201823.909,452076.8187
63233,1,서울특별시 은평구 응암동 90-1번지 (응암이마트지상1층),스타벅스은평이마트점,커피숍,192882.8377,455340.5406
63295,1,서울특별시 서초구 서초동 1318-8번지 1층,스타벅스 몬테소리점,커피숍,202305.7023,444007.8968
63312,1,서울특별시 송파구 방이동 89-12번지 올림픽스포츠센터 지상2층,스타벅스커피 올림픽아파트점,커피숍,211708.2647,445907.5829
63325,1,서울특별시 중구 서소문동 135번지 퍼시픽타워 지상 1층,스타벅스 퍼시픽 타워점,커피숍,197546.5912,451007.2804
63439,1,서울특별시 송파구 가락동 79번지 롯데캐슬파인힐 101-1호,스타벅스 가락시장역점,커피숍,210681.5759,443586.1879
63530,1,서울특별시 중구 남대문로5가 9-1번지 외8필지 남대문업무빌딩(지상1층),스타벅스 숭례문점,커피숍,197572.6089,450733.2113
63550,1,서울특별시 서초구 서초동 1451-95번지 1층,스타벅스 예술의전당점,커피숍,201124.6753,442107.3256
63683,1,서울특별시 송파구 잠실동 175번지 애플타워 1층,스타벅스 아시아선수촌점,커피숍,206919.4781,445370.2017
63728,1,서울특별시 송파구 장지동 884번지,스타벅스 송파위례점,커피숍,212681,442001
63748,1,서울특별시 서초구 서초동 1572-4번지 1층,스타벅스 서초법원점,커피숍,200973.9574,443398.8267
63764,1,서울특별시 영등포구 영등포동3가 2-21번지 지상1층,스타벅스커피 코리아 영등포본동점,커피숍,191935.8472,446275.9613
63880,1,서울특별시 영등포구 여의도동 17-9번지 더하우스소호 1층 109호(일부)~113호,스타벅스여의도KBSR점,커피숍,192696.2653,447151.9617
63944,1,서울특별시 송파구 방이동 181번지 지상1층 101호,스타벅스커피 올림픽공원남문점,커피숍,210806.1788,445687.2878
64055,1,서울특별시 서초구 방배동 907-1번지 다이치빌딩 101호,스타벅스 방배다이치빌딩점,커피숍,199584.6665,442461.9578
64087,1,서울특별시 영등포구 여의도동 35-4번지 한국화재보험협회 1층 일부,스타벅스여의도화재보험,커피숍,193417.0802,446590.4671
64135,1,서울특별시 서초구 반포동 19-3번지 센트럴시티빌딩 118-2호,스타벅스 센트럴F1점,커피숍,200250.4478,444683.2205
66021,1,서울특별시 양천구 목동 907-18번지 1층,스타벅스 목동파리공원점,커피숍,189224.6847,448126.3704
66873,1,서울특별시 성동구 금호동4가 1483번지,스타벅스 금호역점,커피숍,201284.6117,449529.8716
67839,1,서울특별시 서초구 방배동 1022-5번지 감정평가사회관 1층,스타벅스 방배로점,커피숍,199888.9356,441907.2291
67933,1,서울특별시 영등포구 영등포동4가 442번지 타임스퀘어,스타벅스타임스퀘어R점,커피숍,191385.0574,446098.5559
68437,1,서울특별시 용산구 효창동 13-2번지 용산 롯데캐슬 센터포레,스타벅스효창공원앞역점,커피숍,196660.7089,448557.6503
68549,1,서울특별시 성동구 성수동1가 656-335번지,스타벅스 서울숲역점,커피숍,203903.3536,448846.8202
68625,1,서울특별시 동작구 노량진동 333번지 고려교육타워-어바니엘한강,스타벅스 노량진동점,커피숍,195240.6265,445648.0721
68642,1,서울특별시 강남구 논현동 18-4번지 성일빌딩,스타벅스 신사역성일빌딩점,커피숍,201757.1057,445748.2452
82635,1,서울특별시 동작구 노량진동 62-8 이도타워,스타벅스노량진역점,커피숍,194703.2815,445682.7783
83070,1,서울특별시 동작구 상도동 475-5,스타벅스커피숭실대입구역점,커피숍,195819.4551,444158.1283
83079,1,서울특별시 강서구 등촌동 678-14번지 그랜드백화점 (지상 1층) 주차장동,스타벅스커피 발산역점,커피숍,185732.4244,450884.5288
83087,1,서울특별시 강서구 마곡동 773-2번지 마곡지엠지타워 (지상 1층) 117일부~120호,스타벅스 마곡GMG점,커피숍,184816,450938
83111,1,서울특별시 강서구 마곡동 776-6번지 새싹타워 (지상 1층) 1~2호,스타벅스 양천향교역,커피숍,185852,451639
83113,1,서울특별시 강서구 화곡동 772-67번지 (지상1~3층),스타벅스 화곡DT점,커피숍,187838.2316,448093.6329
83329,1,서울특별시 강북구 미아동 121-19번지,스타벅스 미아역점,커피숍,202280.2302,458199.6442
83367,1,서울특별시 동작구 사당동 1031-27번지,스타벅스 사당역점,커피숍,198280.6647,441811.9827
83426,1,서울특별시 동작구 상도동 324-1,스타벅스 신대방삼거리역점,커피숍,193896.3848,444196.4848
83477,1,서울특별시 동작구 흑석동 205-5,스타벅스중앙대점,커피숍,196227.8362,444972.8995
83603,1,서울특별시 강북구 번동 418-17번지 (지상1층),스타벅스수유역점,커피숍,202262.0644,459520.7057
83708,1,서울특별시 강서구 가양동 449-19번지 가양이마트 (지상 1층) 매장동,스타벅스 가양이마트점,커피숍,187761.1943,450640.2145
83725,1,서울특별시 동작구 상도동 501-9번지,스타벅스숭실대점,커피숍,195941.164,443689.6259
83826,1,서울특별시 강서구 등촌동 73-1번지 금부빌딩 (지상1층) A호,스타벅스 가양역점,커피숍,186966.0362,451047.2873
83832,1,서울특별시 강서구 염창동 282-23 (지상 1층),스타벅스커피 염창역점,커피숍,188843.429,449461.1525
83878,1,서울특별시 광진구 구의동 246-15번지 1층,스타벅스커피 구의역점,커피숍,207359.0772,448305.4414
83992,1,서울특별시 강서구 내발산동 719-6번지 송화쇼핑센터 (지상 1층) 014~017호,스타벅스 우장산역점,커피숍,185431.0666,449714.8138
84178,1,서울특별시 강서구 화곡동 343-1번지 외 1필지 동진빌딩 (지하 1층~지상 1층),스타벅스커피 까치산역점,커피숍,186327.695,447795.9403
84249,1,서울특별시 강북구 미아동 812-2번지,스타벅스 미아뉴타운점,커피숍,201794.7913,457341.5632
84259,1,서울특별시 광진구 구의동 589-10번지 구의대림아크로리버 109호,스타벅스커피강변역점,커피숍,208135.5074,448204.0917
84367,1,서울특별시 광진구 군자동 478-5번지 1~2층,스타벅스커피 군자역점,커피숍,206896.6972,450515.5757
84385,1,서울특별시 광진구 구의동 67-7번지 1층~2층,스타벅스커피구의디티(DT)점,커피숍,207644.67,449227.7142
84509,1,서울특별시 강남구 청담동 44-12번지,스타벅스커피 강남구청정문점,커피숍,203993.7255,446236.536
84542,1,서울특별시 광진구 자양동 779번지 타워더모스트광진아크로텔 110호,스타벅스커피 자양사거리점,커피숍,207202.1366,448365.6601
84561,1,서울특별시 노원구 월계동 333-1번지,스타벅스월계이마트점,커피숍,205391.0704,458333.9892
84632,1,서울특별시 강동구 천호동 453-14번지,스타벅스 천호로데오점,커피숍,211184.9085,448405.5485
84634,1,서울특별시 강동구 성내동 441-2번지,스타벅스 둔촌동점,커피숍,211769.2321,446732.6402
84795,1,서울특별시 강동구 성내동 468번지 현대토파즈 101호,스타벅스커피 올림픽공원 북문점,커피숍,211064.097,447034.5346
84875,1,서울특별시 강동구 천호동 447-17번지,스타벅스 강동역점,커피숍,211712.4293,448270.9577
85033,1,서울특별시 강남구 삼성동 141-28번지 동신빌딩,스타벅스 선릉동신빌딩R점,커피숍,204389.2637,444809.6501
85051,1,서울특별시 금천구 시흥동 904-22번지 지상1층,스타벅스 금천시흥점,커피숍,191368.5221,438529.3631
85187,1,서울특별시 강남구 역삼동 697-45번지,스타벅스 선릉로점,커피숍,204061.415,444757.5319
85357,1,서울특별시 금천구 가산동 371-28번지 우림라이온스밸리 B-107.108,스타벅스가산디지털점,커피숍,189538.0209,441982.4279
85504,1,서울특별시 강동구 성내동 62-4번지 태승빌딩1층,스타벅스천호역점,커피숍,210921.8374,448409.2657
85516,1,서울특별시 금천구 가산동 60-27번지 지하1층 (디지털단지로 285),스타벅스 W-Mall점,커피숍,189997.4557,441687.8412
85616,1,서울특별시 금천구 가산동 50-3번지 대륭포스트타워6차 106호,스타벅스 가산디지털단지역,커피숍,189662.9592,442139.5145
85644,1,서울특별시 강서구 방화동 293-4 외 2필지 세움빌딩 (지상 2~3층),스타벅스 방화DT,커피숍,183704.3002,452482.3973
85858,1,서울특별시 강북구 미아동 35-30번지 외 2필지,스타벅스커피 미아사거리역점,커피숍,202647.3924,456612.3679
85916,1,서울특별시 광진구 자양동 507-6번지 이튼타워리버2지구 108호,스타벅스(자양점),커피숍,206043.3588,448141.6654
85966,1,서울특별시 금천구 독산동 291-1번지 TL108,스타벅스커피 금천독산점,커피숍,190694.8803,440764.4263
86008,1,서울특별시 금천구 가산동 60-20번지 마리오아울렛3관 지상1층,스타벅스 커피 마리오아울렛점,커피숍,189759.7131,441814.1159
86291,1,서울특별시 노원구 상계동 712 1층,스타벅스 노원역점,커피숍,205226.6368,461377.8231
86547,1,서울특별시 노원구 상계동 723번지,스타벅스 노원케이티(KT)점,커피숍,205550.9084,461343.0622
87011,1,서울특별시 송파구 문정동 150-26번지 훼미리샤르망 101~104호,스타벅스커피 올림픽훼미리점,커피숍,210226.6978,443267.2288
87042,1,서울특별시 송파구 방이동 22-5번지,스타벅스 송파구청점,커피숍,209427.4102,445829.7259
87066,1,서울특별시 영등포구 여의도동 23번지 IFC몰 지하1층 178호,스타벅스여의도IFC몰(L1)R,커피숍,193326.931,446973.9146
87239,1,서울특별시 송파구 문정동 292번지 가든파이브 툴동 지하1층 이마트내 B1-26,스타벅스 가든파이브,커피숍,210535.0896,442137.5787
87262,1,서울특별시 송파구 신천동 7-30번지,스타벅스 잠실대교 남단R점,커피숍,208688.1551,445954.1766
87401,1,서울특별시 종로구 서린동 33번지,스타벅스영풍문고점,커피숍,198351.8187,451921.603
87408,1,서울특별시 종로구 교북동 126번지 경희궁자이 4단지,스타벅스 독립문역,커피숍,196732.9524,451863.8263
87423,1,서울특별시 종로구 적선동 156번지 광화문플래티넘 1층 101호,스타벅스정부서울청사R,커피숍,197595.1613,452460.0546
87445,1,서울특별시 종로구 인의동 48-2번지,스타벅스주얼리시티점,커피숍,199812.6096,452132.6483
87549,1,서울특별시 종로구 사직동 9번지 광화문 풍림스페이스본,스타벅스 스페이스본점,커피숍,197181.3933,452458.8267
87640,1,서울특별시 종로구 명륜3가 154-3번지 지상1~2층,스타벅스성대입구점,커피숍,199782.5422,453412.7926
87704,1,서울특별시 종로구 신문로1가 163번지 광화문오피시아빌딩103호203호,스타벅스 새문안로점,커피숍,197713.2649,451938.0377
87910,1,서울특별시 서초구 서초동 1623-1번지 1층,스타벅스 서울교대점,커피숍,201279.4432,442806.7092
87945,1,서울특별시 서초구 서초동 1365-23번지 1층,스타벅스 서초구청점,커피숍,202591.5852,442462.7064
88018,1,서울특별시 영등포구 여의도동 43-4번지 롯데캐슬아이비 1층 제122호,스타벅스커피 동여의도점,커피숍,193896.2821,446442.5714
88019,1,서울특별시 영등포구 여의도동 23-6번지 1층,스타벅스여의도역R,커피숍,193165.4901,446797.3414
88231,1,서울특별시 영등포구 여의도동 45-21번지 알리안츠타워 1층,스타벅스커피여의도ABL타워점,커피숍,193553.4728,446289.3893
88318,1,서울특별시 종로구 관철동 43-9번지 지상1층,스타벅스 광교점,커피숍,198533.5398,451850.2721
88425,1,서울특별시 송파구 삼전동 130-2 지상1층,스타벅스 석촌서호,커피숍,208461.7118,444909.4852
88436,1,서울특별시 종로구 관수동 59-7번지 (서울극장 1층),스타벅스 서울극장점,커피숍,199205.3298,451945.822
88460,1,서울특별시 종로구 서린동 154-1번지 광화문우체국,스타벅스 광화문우체국,커피숍,197995.2188,451945.0472
88697,1,서울특별시 영등포구 양평동4가 2번지 이레빌딩 신관 1층,스타벅스(선유동이레빌딩점),커피숍,190834.8799,447975.9314
88748,1,서울특별시 서초구 반포동 736-2 1층,스타벅스 강남대로논현R점,커피숍,201928.4882,445018.4336
88774,1,서울특별시 영등포구 영등포동4가 442번지 지하2층,스타벅스타임스퀘어B2점,커피숍,191385.0574,446098.5559
88790,1,서울특별시 영등포구 양평동4가 98-5번지 1층,스타벅스(선유도역점),커피숍,190613.7058,448341.565
88859,1,서울특별시 서초구 서초동 1329-7번지 1층,스타벅스 서초우성사거리점,커피숍,202513.1194,443478.8069
89097,1,서울특별시 종로구 관수동 3-5번지,스타벅스 종로관수점,커피숍,198930.0229,451940.7683
89178,1,서울특별시 종로구 중학동 14번지 트윈트리 B동 101호,스타벅스 경복궁사거리점,커피숍,198176.1592,452574.6715
89248,1,서울특별시 영등포구 문래동3가 77-1번지 대창타운빌 지상1층,스타벅스 문래동점,커피숍,190176.6272,446383.6614
89262,1,서울특별시 서초구 반포동 19-4번지 서울고속버스터미널 본관(점포)1층 18호,스타벅스커피 서울고속터미널점,커피숍,200554.744,444811.3648
89265,1,서울특별시 종로구 수송동 156번지 1층101호,스타벅스 종로구청점,커피숍,198260.0632,452262.4846
89268,1,서울특별시 종로구 숭인동 310번지,스타벅스 동묘앞역점,커피숍,201350.4734,452279.7443
89312,1,서울특별시 서초구 잠원동 21-7번지 1층,스타벅스커피 강남대로신사,커피숍,201650.4901,445846.62
89370,1,서울특별시 영등포구 영등포동4가 434-5번지 B관 지하2층,스타벅스신세계타임스퀘어B2점,커피숍,191581.5003,446108.8072
89438,1,서울특별시 영등포구 여의도동 15-15번지 1층 일부,스타벅스커피여의도일신점,커피숍,192878.6628,447300.2534
89460,1,서울특별시 송파구 석촌동 286-9 1층,스타벅스 석촌역,커피숍,209314.5573,444678.0054
89557,1,서울특별시 영등포구 여의도동 34-11번지 한양증권 1층,스타벅스커피여의도한양증권점,커피숍,193659.1402,446692.9922
89559,1,서울특별시 영등포구 당산동6가 338-1번지 경진빌딩 지상1층,스타벅스커피당산점,커피숍,191096.383,448115.6414
89650,1,서울특별시 종로구 청진동 19번지 지상1~3층,스타벅스 종로수송점,커피숍,198225.363,452155.1216
89744,1,서울특별시 중랑구 묵동 170-1 이마트묵동점 지하1층 B101호,스타벅스묵동이마트점,커피숍,206777.7314,456837.2196
89919,1,서울특별시 영등포구 여의도동 23번지 투 아이에프씨동 1층 101호,스타벅스커피여의도IFC,커피숍,193326.931,446973.9146
89928,1,서울특별시 종로구 연건동 128-8번지,스타벅스 대학로점,커피숍,200059.5961,452693.9469
89995,1,서울특별시 영등포구 신길동 252-9번지 외5필지 1~2층,스타벅스커피영등포신길DT,커피숍,191979.4002,444714.5643
89997,1,서울특별시 중랑구 신내동 563-3번지,스타벅스 중랑구청점,커피숍,208382.9769,455900.3257
90108,1,서울특별시 서초구 서초동 1303-22번지 1층,스타벅스 강남교보타워R점,커피숍,202058.6747,444618.1673
90138,1,서울특별시 영등포구 영등포동8가 35-1번지 리마크빌 1층 106호,스타벅스영등포KT점,커피숍,191536.0371,447172.0534
90146,1,서울특별시 영등포구 여의도동 12번지 1층 102호,스타벅스여의도공원R,커피숍,193293.252,447448.3429
90365,1,서울특별시 종로구 수송동 146-1번지 지상1층,스타벅스 이마빌딩점,커피숍,198076.879,452402.1953
90440,1,서울특별시 종로구 관철동 12-15번지 2층,스타벅스 종로관철점,커피숍,198692.6279,451865.6943
90457,1,서울특별시 영등포구 여의도동 44-22번지 호성빌딩지상1층,스타벅스커피 여의도호성,커피숍,193677.1246,446467.5965
90494,1,서울특별시 종로구 통의동 35-41번지 외 4필지 1층,스타벅스 경복궁역,커피숍,197524.1878,452766.6018
90500,1,서울특별시 송파구 가락동 125-6번지 지상1층,스타벅스 문정로데오점,커피숍,211101.3948,443302.5846
90565,1,서울특별시 영등포구 여의도동 13-19번지 남중빌딩 지상1층,스타벅스커피 여의도 의사당점,커피숍,192956.1254,447539.7495
90610,1,서울특별시 종로구 계동 101-14번지 1~3층,스타벅스 북촌로점,커피숍,198734.7836,453017.3864
90660,1,서울특별시 영등포구 여의도동 17-3번지 태흥빌딩 1층,스타벅스국회의사당역점,커피숍,192585.6934,447295.1942
90807,1,서울특별시 종로구 종로3가 9-3번지,스타벅스 종로3가점,커피숍,199066.4682,452033.9927
90832,1,서울특별시 중랑구 상봉동 501번지,스타벅스커피 상봉,커피숍,208076.3867,455017.5286
90848,1,서울특별시 중랑구 면목동 617-2번지 지상1층,스타벅스커피 사가정역점,커피숍,207702.8399,453039.3455
90899,1,서울특별시 중랑구 상봉동 130-3번지,스타벅스커피 중랑역점,커피숍,206526.0022,454549.1674
90918,1,서울특별시 중랑구 상봉동 100-2번지,스타벅스코리아 상봉역점,커피숍,207584.9182,454966.7437
93307,1,서울특별시 강서구 마곡동 798-3번지 1층 101~104호,스타벅스 마곡역점,커피숍,,
94081,1,서울특별시 종로구 평동 108-1번지 강북삼성병원,스타벅스 강북삼성병원점,커피숍,197111.9696,451776.4437
103310,1,서울특별시 관악구 봉천동 861-6,스타벅스 서울대역점,커피숍,195699.0482,442163.0961
103378,1,서울특별시 강서구 등촌동 668-9번지 (지상 1층),스타벅스커피 등촌점,커피숍,186173.478,450677.7932
103479,1,서울특별시 관악구 봉천동 1657-3번지,스타벅스 낙성대DT점,커피숍,196846.6127,441555.9467
103585,1,서울특별시 관악구 남현동 1060-10번지,스타벅스커피사당점,커피숍,198248.9424,441541.5998
103597,1,서울특별시 관악구 신림동 564-12번지,스타벅스 신림DT점,커피숍,191828.7797,442094.3295
103733,1,서울특별시 관악구 신림동 1422-35번지,스타벅스커피 신림사거리점,커피숍,193781.8082,442506.7153
103923,1,서울특별시 관악구 봉천동 869-1번지 지상1~3층,스타벅스커피 서울대입구역점,커피숍,195625.0759,442105.4431
104019,1,서울특별시 관악구 봉천동 729-21번지,스타벅스커피 보라매대교점,커피숍,193350.027,443216.7506
104066,1,서울특별시 관악구 신림동 1641-2번지,스타벅스 신림역포도몰점,커피숍,193754.4274,442407.2012
104122,1,서울특별시 관악구 신림동 1432-71번지,스타벅스 신림점,커피숍,193665.7688,442658.667
104726,1,서울특별시 중구 태평로2가 69-7번지 1층,스타벅스 태평로점,커피숍,197881.0821,451134.9937
106468,1,서울특별시 송파구 문정동 642번지 송파 테라타워2,스타벅스 문정법원로R,커피숍,210627,442875
108930,1,서울특별시 강남구 삼성동 159번지 코엑스,스타벅스 코엑스 별마당점,커피숍,205130.5917,445590.0968
109180,1,서울특별시 강남구 삼성동 108-6번지 JBK TOWER 빌딩,스타벅스 봉은사역점,커피숍,205511.545,445869.825
109507,1,서울특별시 금천구 시흥동 1031번지,스타벅스 금천구청역점,커피숍,,
109803,1,서울특별시 동작구 상도1동 666-5번지,스타벅스 상도역점,커피숍,195371.7806,444561.3864
111174,1,서울특별시 강동구 명일동 353-2번지,스타벅스 굽은다리역점,커피숍,212594.4291,449246.8776
111489,1,서울특별시 용산구 서계동 219-17 서울역풍림아이원플러스 102호,스타벅스 서울역서부점,커피숍,197142.9508,450296.5892
112814,1,서울특별시 종로구 혜화동 90-18번지 혜화동씨티밸리,스타벅스 동숭길입구점,커피숍,200113.8747,453549.5264
112875,1,서울특별시 송파구 가락동 479번지 헬리오시티,스타벅스 송파헬리오시티점,커피숍,209394.2313,443951.2369
113225,1,서울특별시 강남구 신사동 592번지 윤성빌딩,스타벅스 압구정윤성빌딩점,커피숍,202456.485,446733.385
119163,1,서울특별시 양천구 목동 917-6번지 행복한세상,스타벅스 목동행복한점,커피숍,188977.1711,447466.355
119475,1,서울특별시 강남구 도곡동 956번지 서브원 강남빌딩,스타벅스 양재강남빌딩R점,커피숍,203168.515,442571.3535
119476,1,서울특별시 강남구 신사동 621-1번지,스타벅스 압구정R점,커피숍,202855.6586,447241.6055
119509,1,서울특별시 강서구 마곡동 796-3번지 마곡사이언스타워 (지상 1~2층),스타벅스 마곡사이언스타워R점,커피숍,185247,450934
123276,1,서울특별시 중랑구 묵동 169-12번지,스타벅스 묵동점,커피숍,206715.541,457004.8747
125726,1,서울특별시 송파구 방이동 44-3 현대토픽스,스타벅스 몽촌토성역점,커피숍,209929.5748,446085.1213
126269,1,서울특별시 구로구 구로동 573 NC백화점,스타벅스 구로NC점,커피숍,189570.3609,444336.0513
127875,1,서울특별시 광진구 자양동 227-7 더샵스타시티 지하1층,스타벅스 자양이마트점,커피숍,206349.675,448396.9397
128394,1,서울특별시 중구 남대문로5가 253,스타벅스 숭례문에스지타워,커피숍,197720.3979,450577.0934
128488,1,서울특별시 송파구 마천동 43-1,스타벅스 송파마천사거리DT점,커피숍,212986.1017,444178.7844
128814,1,서울특별시 강동구 천호동 431-4 예경빌딩,스타벅스 천호사거리점,커피숍,210830.1344,448618.9908
129270,1,서울특별시 용산구 원효로1가 133-3 리첸시아 용산,스타벅스용산리첸시아점,커피숍,197045.8495,448447.559
138809,1,서울특별시 강남구 대치동 993-1,스타벅스 대치삼성프라자점,커피숍,205840.185,444245.655
139351,1,서울특별시 성동구 성수동2가 281-20,스타벅스  성수낙낙점,커피숍,205784.4456,449451.9862
139395,1,서울특별시 영등포구 당산동5가 16-7,스타벅스 당산역사거리점,커피숍,191177.5845,447965.6455
139633,1,서울특별시 강동구 길동 457-4 거산 유팰리스,스타벅스 천호대로길동점,커피숍,212060.9351,448068.1746
140227,1,서울특별시 중구 남산동3가 13-31,스타벅스 명동남산,커피숍,198735.0683,450940.7599
141413,1,서울특별시 중구 무교동 32-2,스타벅스 무교로점,커피숍,198068.0599,451666.7326
141842,1,서울특별시 강남구 삼성동 159 아셈타워,스타벅스 코엑스아셈타워점,커피숍,205130.5917,445590.0968
143373,1,서울특별시 종로구 연건동 28-21 서울대학교 치과병원,스타벅스 서울대치과병원점,커피숍,199824.096,452984.3605
149198,1,서울특별시 노원구 상계동 694번지 1층,스타벅스노원마들역점,커피숍,204957.5624,462039.1075
149388,1,서울특별시 노원구 공릉동 597-34번지,스타벅스 공릉DT점,커피숍,206492.09,457601.6208
149731,1,서울특별시 마포구 도화동 22번지 창강빌딩 1층,스타벅스커피공덕오거리점,커피숍,195568.0067,448931.2947
149794,1,서울특별시 마포구 상암동 1654번지,스타벅스상암DMC점,커피숍,190268.3507,452810.7427
150293,1,서울특별시 마포구 상수동 86-22번지 1층~2층 일부,스타벅스홍대삼거리점,커피숍,193151.4158,449777.8753
150375,1,서울특별시 강남구 역삼동 809-10번지 한석타워 지상2층 201호,스타벅스커피 강남대로점,커피숍,202196.5463,444552.1795
150423,1,서울특별시 강남구 수서동 715번지 수서빌딩,스타벅스 수서역R점,커피숍,209009.8641,442872.1606
150439,1,서울특별시 강남구 역삼동 678-39번지 지상1층,스타벅스커피 역삼대로점,커피숍,203383.7287,444401.9945
150454,1,서울특별시 마포구 신공덕동 69-2번지,스타벅스마포이마트,커피숍,195878.7415,449214.2533
150482,1,서울특별시 구로구 구로동 191-7번지 에이스테크노타워8차 101호 일부,스타벅스커피 구로디지털로점,커피숍,190688.7475,442618.7857
150584,1,서울특별시 강남구 대치동 941-19번지,스타벅스 대치은마사거리점,커피숍,205255.2667,444093.3688
150702,1,서울특별시 마포구 서교동 490번지,스타벅스합정메세나몰,커피숍,192311.6426,449855.6439
150765,1,서울특별시 마포구 도화동 50-1번지 일진빌딩 지상1층,스타벅스마포일진빌딩점,커피숍,195189.0438,448689.2062
150795,1,서울특별시 강남구 삼성동 159번지,스타벅스 스타필드코엑스몰R점,커피숍,205130.5917,445590.0968
150989,1,서울특별시 강남구 논현동 238-5번지 지상1층,스타벅스커피 서울세관사거리점,커피숍,203107.2296,445867.6812
151235,1,서울특별시 강남구 역삼동 825번지,스타벅스 강남R점,커피숍,202462.6048,443960.1863
151236,1,서울특별시 강남구 역삼동 813-17번지,스타벅스 강남오거리점,커피숍,202288.2365,444431.6944
151242,1,서울특별시 강남구 대치동 651번지,스타벅스커피 도곡역점,커피숍,205004.7797,443335.5182
151272,1,서울특별시 강남구 삼성동 114-9번지 슈피겐HQ A동,스타벅스 봉은사로 선정릉점,커피숍,204212.7677,445457.6694
151331,1,서울특별시 구로구 구로동 1128-1번지 구로호텔1층,스타벅스 커피 구로호텔점,커피숍,190990.9558,442338.8424
151378,1,서울특별시 강남구 논현동 1-3번지,스타벅스커피 신사역점,커피숍,201753.1885,446003.4452
151394,1,서울특별시 동대문구 이문동 329-1번지,스타벅스외대정문점,커피숍,205162.3148,454785.7313
151498,1,서울특별시 동대문구 회기동 60-40번지,스타벅스경희대삼거리점,커피숍,204524.9763,454361.7357
151504,1,서울특별시 강남구 역삼동 788-10번지,스타벅스도곡공원점,커피숍,203579.748,443435.1584
151832,1,서울특별시 구로구 구로동 212-1번지 에이스트윈타워1 103호,스타벅스 구로에이스점,커피숍,190600.9,442482.539
151915,1,서울특별시 강남구 논현동 59-8번지 1층,스타벅스커피코리아 을지병원사거리점,커피숍,202468.1651,446326.897
151964,1,서울특별시 동대문구 답십리동 497-67번지,스타벅스답십리역점,커피숍,204447.6981,451803.5584
151994,1,서울특별시 동대문구 신설동 76-10번지,스타벅스 신설동역,커피숍,202185.9385,452713.197
152061,1,서울특별시 강남구 청담동 52-1번지 1층,스타벅스 커피 청담점,커피숍,204490.5416,446902.9583
152273,1,서울특별시 구로구 구로동 222-7번지 코오롱디지털타워빌란트 101호,스타벅스 구로디지털타워점,커피숍,190776.4685,442370.1437
152527,1,서울특별시 강남구 역삼동 832-3번지,스타벅스 강남우성점,커피숍,202645.88,443351.145
152603,1,서울특별시 강남구 청담동 132-1번지,스타벅스커피 청담영동대로점,커피숍,204926.5006,446665.7213
152848,1,서울특별시 강남구 삼성동 157-36번지,스타벅스커피 포스코사거리점,커피숍,205009.5644,445042.3254
153016,1,서울특별시 강남구 대치동 960-5번지,스타벅스 대치사거리점,커피숍,205136.9346,444576.067
153078,1,서울특별시 강남구 신사동 533-11번지,스타벅스커피 신사가로수점,커피숍,201918.7048,446631.3502
153081,1,서울특별시 동대문구 회기동 346-18번지 1층 회기역베라체캠퍼스,스타벅스커피 회기역사거리점,커피숍,204881.3132,454280.0406
153117,1,서울특별시 동대문구 회기동 16-41번지,스타벅스 경희대점,커피숍,204595.4983,454513.1812
153198,1,서울특별시 동대문구 장안동 433-7번지,스타벅스 커피(장한평역점),커피숍,205717.4698,451120.5354
153406,1,서울특별시 구로구 구로동 197-12번지 신세계아이엔씨 디지털센터 1층,스타벅스신세계아이엔씨점,커피숍,190346.4386,442638.4493
153411,1,서울특별시 동대문구 이문동 305-60번지,스타벅스외대점,커피숍,205353.6245,454828.6061
153490,1,서울특별시 구로구 구로동 235-2번지 에이스하이엔드타워 103호,스타벅스구로하이엔드점,커피숍,190504.7782,442154.9928
153531,1,서울특별시 강남구 삼성동 37-17번지,스타벅스커피 선정릉역점,커피숍,203870.2672,445396.6942
153913,1,서울특별시 용산구 이태원동 127-6번지 지하1~지상4층,스타벅스이태원역점,커피숍,199469.5244,448008.0048
153980,1,서울특별시 광진구 구의동 75-19번지,스타벅스아차산역점,커피숍,207872.907,449818.8805
154689,1,서울특별시 중구 남대문로4가 17-19번지 1층,스타벅스 숭례문북창점,커피숍,197895.4912,451035.703
155286,1,서울특별시 종로구 평창동 182-11번지 나라빌딩,스타벅스 종로평창동점,커피숍,197025.8499,455981.0128
155380,1,서울특별시 마포구 용강동 112-2번지 근린생활시설1~2,스타벅스마포용강동점,커피숍,194830.0064,448772.7949
155508,1,서울특별시 양천구 목동 602-2번지,스타벅스 등촌역점,커피숍,188272.4726,449639.4848
156097,1,서울특별시 중구 을지로6가 18-131번지 1층,스타벅스 국립중앙의료원점,커피숍,200492.7649,451583.8365
167191,1,서울특별시 구로구 신도림동 692번지 디큐브시티 판매 B201의 일부,스타벅스커피 현대디큐브 B2,커피숍,190107.0454,445157.6264
167192,1,서울특별시 구로구 신도림동 692번지 디큐브시티 판매 201의 일부,스타벅스커피 현대디큐브 2F,커피숍,190107.0454,445157.6264
167442,1,서울특별시 마포구 서교동 395-166번지 1층일부,스타벅스커피서교점,커피숍,192602.6962,449899.3395
167452,1,서울특별시 마포구 서교동 374-20번지 1층,스타벅스커피 서교동사거리,커피숍,192733.3762,450133.22
167581,1,서울특별시 구로구 오류동 55-50,스타벅스커피 오류동역점,커피숍,186212.0841,443782.5558
167612,1,서울특별시 마포구 상암동 1603번지 MBC신사옥 1층,스타벅스커피 상암MBC점,커피숍,190282.7592,453213.1985
167614,1,서울특별시 마포구 신수동 63-14번지 구프라자 1층일부,스타벅스커피서강대점,커피숍,194432.4475,450033.1213
167623,1,서울특별시 마포구 동교동 205-6번지,스타벅스커피동교점,커피숍,192861.0646,450513.2473
167714,1,서울특별시 마포구 노고산동 54-1번지,스타벅스커피 신촌오거리,커피숍,194160.0167,450323.8736
167852,1,서울특별시 마포구 동교동 159-1번지,스타벅스커피홍대역,커피숍,193185.6339,450550.6759
167916,1,서울특별시 마포구 상암동 1647번지 상암디지털큐브빌딩 1층일부,스타벅스상암디지털큐브점,커피숍,190144.1432,452658.5259
168496,1,서울특별시 종로구 동숭동 1-31번지 동덕빌딩,스타벅스 혜화역점,커피숍,200123.4377,453357.2947
169032,1,서울특별시 강동구 명일동 312-28번지,스타벅스 명일역점,커피숍,212636.289,450041.6562
170044,1,서울특별시 중구 명동1가 10-1번지 명동센트럴빌딩 1층-중2층,스타벅스 명동센트럴점,커피숍,198625.2543,451373.686
171356,1,서울특별시 동작구 사당동 147-29 이수자이,스타벅스 이수자이점,커피숍,198202.4725,442471.241
171542,1,서울특별시 강남구 대치동 599 대원빌딩,스타벅스 스탈릿대치B1점,커피숍,205464.7204,443592.9735
171761,1,서울특별시 강동구 고덕동 210-1 고덕센트럴푸르지오,스타벅스 상일동역점,커피숍,214958.714,450615.471
172412,1,서울특별시 마포구 동교동 165-1 미래프라자,스타벅스 홍대역8번출구점,커피숍,193229.0925,450500.6866
173075,1,서울특별시 용산구 한강로3가 63-70,스타벅스용산해링턴스퀘어점,커피숍,197071.4032,447073.6228
173760,1,서울특별시 중랑구 중화동 306-68 중화동 HS빌딩,스타벅스 중화역점,커피숍,206852.3902,455508.596
174233,1,서울특별시 강남구 역삼동 755 한솔필리아,스타벅스 역삼이마트점,커피숍,204213.6432,444113.0282
175199,1,서울특별시 강남구 역삼동 702-10 아남타워빌딩,스타벅스 테헤란로아남타워점,커피숍,203894.0314,444624.8182
176331,1,서울특별시 강남구 대치동 922-1 SH타워,스타벅스 대치한티점,커피숍,204537.4607,444036.1667
